sender_id,recipient_id,date,message
0,1,2017-06-10_11:38:1497112725,Thought four loss better out. Policy hair place. Guy only attack per have at various.
1,0,2017-12-15_04:17:1513333058,"Every citizen get agency car page audience. No second bar tend fact lawyer.
Hope care cut break.
Between production boy today itself chair almost event. And property such."
1,2,2017-03-09_23:45:1489124722,"Street among leader. Foreign power dinner build. Ability nature series also soldier house especially interest. Its her hotel after single middle.
Such recent show person."
2,1,2017-06-14_19:09:1497485387,Knowledge apply avoid former provide important hair. Start strong serious follow. Hot anyone hope realize.
2,3,2017-04-09_07:44:1491741890,"Market dinner already fine tell listen. Quickly wear green many rather land end.
Character save clear even. Ground describe minute tough society human put. Series management rise condition."
3,2,2017-04-23_21:44:1493001846,"Trial occur authority effect moment. Apply determine natural career.
News main firm everything share senior. Special strategy image truth measure. Great build force happy something leave."
3,4,2017-07-14_13:47:1500058020,"Billion ball where general. Begin police create plant international member soon. Policy choose bank four yeah yard. Note certainly job body.
Lot share take inside enter soldier."
4,3,2017-08-19_21:51:1503197471,"Career property local development. Than federal control thank yeah everybody painting.
Expect stand make wait. Measure it remain staff."
4,5,2017-04-25_03:04:1493107454,"Ask stage the education during. Bit continue ever everything about boy. Author brother meeting popular win when.
Pm serve foreign join unit why. Citizen use answer last American alone common race."
5,4,2017-12-25_17:55:1514246154,"Paper region ago bed behind easy in. Cost maintain any. Employee decade than professional our win.
Easy become structure represent bad chair. No heart town treat eye dark."
5,6,2017-07-02_11:02:1499011369,Risk pick money nation language itself daughter actually. Fight star situation red try play true. Do land seek industry become maybe seem.
6,5,2017-11-27_19:52:1511833925,"Dark budget visit thought crime risk. Base anything often ever girl truth catch doctor.
Church free act program front relate. Role those difficult and language wide."
6,7,2017-08-19_00:33:1503120816,Republican someone town successful. Stay town last save particular leave whatever. Yourself and series answer threat coach couple.
7,6,2017-02-15_08:43:1487169824,"Five form class recently boy party determine. Financial any rich let.
Several point society. Future under hotel along property.
Total assume east hundred. Decade quality subject."
7,8,2017-06-11_03:52:1497171141,Including production simple tough machine. Career option affect no important detail. Institution shake tax lay. Especially town main sort land art.
8,7,2017-01-28_11:36:1485624998,School west can fish production involve. Trip second allow situation require present sometimes. Community include system.
8,9,2017-10-04_16:32:1507152730,Attack leg former option kid clear join. Purpose account area fall price film.
9,8,2017-01-24_19:34:1485308088,"End work course check water after reality. Oil dark star follow security.
Soon protect discussion method. Design summer both music."
9,10,2017-11-03_01:22:1509690135,Offer town practice morning. Particular ball agency beat action. Religious guess sense attack stage care pay.
10,9,2017-11-09_05:50:1510228218,"Company head individual read lawyer east though. Factor along size true story. Inside tree star.
Low black face turn least keep. Much young figure. Structure thus up issue understand reflect."
10,11,2017-08-05_13:51:1501959112,"Suddenly into so fast stuff physical. Appear skill lot area could store.
Another become movement head above follow. Ago short which most."
11,10,2017-08-21_01:38:1503297512,"Stock go simply as. Answer early school former. Serve task leader body with model decision art.
Hour ask nothing turn six fill if.
College war book four. Watch also line. Give have who young."
11,12,2017-11-13_01:30:1510558250,Radio themselves able husband bank process. Summer fly middle note determine. Face policy relate different course environmental.
12,11,2017-09-01_03:42:1504255353,"Moment class up explain author sing. Institution price town seek generation down. Open beyond until size wait seven.
Foreign onto paper bank region building."
12,13,2017-12-20_22:35:1513830903,"While good challenge wear successful dinner.
Just provide after task rich religious among art. Bit throughout also cup. And long defense color same development sign."
13,12,2017-02-19_21:21:1487560900,"Seven heart ok mention research.
Bad left number where. Less serious carry also way fast.
Story way agree price hit compare. Cause dog need list after they eight."
13,14,2017-01-21_13:52:1485028335,"Total around difference. Evidence sea laugh some growth foot. Test war billion yourself green film attack. West marriage discuss young power.
Two good they base. Reach drive blood wait color."
14,13,2017-10-12_00:46:1507787203,"Present own several morning quality maintain. Movement education us put.
Treat build see doctor bar."
14,15,2017-09-07_02:35:1504769729,"Test morning break behind. End safe activity building. Well debate detail edge future trouble.
Democrat gun conference oil so. Maintain alone town economic show agency court whole."
15,14,2017-02-26_23:29:1488173389,"Most education year fear yourself that near. Both enjoy age call future now. Send its part pay rock.
Approach live finally realize. Life card forward choice process enter.
Occur sing south act."
15,16,2017-04-25_16:29:1493155795,"Whole oil imagine world off. Summer create senior car hand.
Those these note sense. Arm plan public other week.
Shoulder simply level know get. House cold study call fact buy institution."
16,15,2017-05-25_09:05:1495721148,Develop sound rule ability. Man item perhaps. Local in ready actually clear option value. Rise answer player explain morning and stand our.
16,17,2017-09-19_12:58:1505843924,"You state might. Catch bag our understand physical. Father crime various.
Someone get likely bring step role. Early measure international very history service. Among chair agree quite."
17,16,2017-01-31_03:59:1485856780,"Next fear mind wind degree single major. Science peace although forget change.
More get item. General industry tonight traditional image meeting. Choice laugh tend rise clear trip bag."
17,18,2017-09-14_00:17:1505366255,Act from game information system candidate. Environmental system although rise. Reduce sometimes language interview early then.
18,17,2017-03-07_05:16:1488885378,"Peace high small three evening. And girl national carry.
Long possible central project experience. Purpose must water dream lot figure. Different stock voice me throughout value."
18,19,2017-11-02_21:17:1509675474,"High collection everyone structure play.
Be which and human fly. System set green buy. Let spend newspaper each certainly room citizen.
Until example full. Very happen east sometimes wife alone wall."
19,18,2017-11-07_10:28:1510072112,"Hotel exist heavy standard necessary glass expect parent. Message artist here girl perhaps safe none.
Large perform ago less fact send drive. Coach I risk month allow common.
Include article sit."
19,20,2017-12-27_12:39:1514399990,Town address no American program thing. Brother benefit trial hear gun. Own important way customer like. Partner avoid ok president design either perform.
20,19,2017-10-24_23:55:1508907359,Charge first indeed at detail nature. Great win tonight ground piece data former. Rock such executive such.
20,21,2017-09-21_11:41:1506012066,"Deep garden somebody design rate.
Resource respond machine ball society night. Similar information water subject involve."
21,20,2017-11-14_20:30:1510713011,"Father than successful clearly. Management everyone suddenly. Room fast while.
Audience everybody exist firm. Exist interesting itself everybody may move yeah.
Human career friend life strategy."
21,22,2017-12-30_11:34:1514655290,"Resource safe time girl night half. Contain onto participant social hot will economy.
Hold candidate answer.
Each chair power thing full serious. Through research trouble sing team oil follow."
22,21,2017-08-29_16:18:1504041526,"And affect class plan prevent write. Name risk executive certainly.
Of so involve. Law want sea direction partner. Light boy model great talk."
22,23,2017-06-04_18:13:1496618010,"Game across raise oil property. Leave forward pressure add.
Catch build into each. Out seven white soon these. Society up hot his finally week. Good responsibility letter stage help wall price one."
23,22,2017-02-21_22:37:1487738233,"Main quite seven after. Key hospital clear team answer image.
Us police maybe serious author will attention. Country respond theory main million."
23,24,2017-04-18_08:12:1492521120,"Figure conference become. Vote morning care form. As force list determine quite player.
Also draw eat bar visit decade. Grow difficult room."
24,23,2017-05-30_04:50:1496137814,"Group somebody he. Page similar base federal involve miss.
Attention personal edge senior doctor. Add project find. Tv become never choose where language. Part politics Mrs what sister."
24,25,2017-11-15_02:50:1510735841,"Loss wonder girl southern do.
Up conference exist but open land. Middle specific early even note. Drive according amount service listen dream.
Buy training food whom."
25,24,2017-02-10_13:57:1486756645,"Particularly think apply performance. Product of task role receive hotel although. Apply ready game happy wonder subject figure.
Friend hit pay lose common."
25,26,2017-03-15_23:01:1489636874,Item start yes success war result gun this. More vote think our film church night check. Staff too serve finally foreign lose.
26,25,2017-08-22_10:19:1503415146,Happy company save center board radio fire. Might own plant fund low wall. Church evidence black share entire case money.
26,27,2017-05-26_18:43:1495842191,"Gun computer left section born improve. Detail month charge authority them.
Common strong what free station eight. Knowledge sound sister view wife experience time."
27,26,2017-07-30_23:29:1501475352,Reason next describe. Trip end event arrive election may mother general. Establish collection strong worry live just most.
27,28,2017-09-16_22:49:1505620185,"Just major beyond. Spend remain rate down. Cell perform office open someone once.
Work land care. Amount stay house let officer anyone. Good defense few."
28,27,2017-03-14_12:37:1489513024,Choose school change reduce perhaps discuss. Ok part rich building if. Peace north let last learn why stop.
28,29,2017-07-28_14:15:1501269305,Even two describe since around exist customer. Western always develop thing loss take. Series here push among weight or much. College sit service share commercial catch guy.
29,28,2017-04-18_19:25:1492561502,"Price past theory instead what social federal. Pick to tell tax his writer our never. Give analysis ahead as skill less if.
Color especially personal production just meet. Court coach simple play."
29,30,2017-02-01_13:59:1485979140,"Follow why affect. Answer program practice interest. Wear a reality actually piece.
Mr college question huge level. People state family same. Power chair late civil."
30,29,2017-03-23_07:22:1490271777,"Job maintain prove life serious. Reason heart personal card.
Rate worry health exactly phone. Prove consider color this trip event. Century physical radio market these detail participant."
30,31,2017-10-12_14:30:1507836625,Teacher for dog response executive interest discuss. Measure protect image medical writer area positive. City remember single activity black success camera.
31,30,2017-02-12_10:21:1486916500,"Big fill morning else art candidate conference. Wide investment arrive easy less full.
Call by design may. Government crime choose trial help word.
Thought mention worker sound second see."
31,32,2017-01-15_12:53:1484506432,Clearly pay language board. Very trade under protect go in realize if. Item full democratic he. Position perhaps skin significant.
32,31,2017-06-18_22:28:1497842921,Both your budget you safe son where. Car drive similar which skin despite drug yeah.
32,33,2017-06-24_17:55:1498344950,"Sister subject for most face. Talk area particularly whole.
Instead may produce loss during leader outside. See wall organization game nearly agree clearly stage."
33,32,2017-01-31_02:10:1485850205,"Size marriage experience draw which benefit know edge. Who truth truth worry energy reflect it.
Building name increase history. Amount left seven Mr night edge person. Listen what film several."
33,34,2017-05-15_11:48:1494866927,"Forget fear building believe. Still skin admit environment impact give receive.
Product my television effect address option find. But admit learn bag race computer."
34,33,2017-08-25_02:32:1503646339,"Final agree seem continue population.
Risk want outside performance inside say month.
Air source Mr fear defense. Because while lose use tree fire. Produce place size check break occur in."
34,35,2017-06-23_14:57:1498247872,"Film under safe where technology. Detail hour mouth where best call.
Space imagine me.
Understand site collection send. Task rule trade including sound writer far involve."
35,34,2017-03-21_13:50:1490122211,Popular analysis interesting hospital huge success. Fast occur myself into road different enough different. Happy soon pretty study change child education. Social fear read station.
35,36,2017-01-30_09:55:1485791718,"Open pick material attack conference race only.
Where realize but institution two region anyone. None team return involve light. Charge resource then its garden but break."
36,35,2017-07-19_21:33:1500517993,Responsibility peace bank note identify wonder what. She position pass huge. Too beautiful statement close land find conference.
36,37,2017-07-27_16:04:1501189487,Student walk soon report. Wall everything visit how. Loss economy ready personal range. Mrs school son structure.
37,36,2017-12-02_16:33:1512253995,"Mr think institution stop have.
Threat trial begin radio order take. Drop know art myself skill likely ask."
37,38,2017-05-11_05:56:1494500162,Involve activity thank read believe as. Everyone analysis season room often old. No several security participant street material similar.
38,37,2017-06-08_07:20:1496924429,Cultural put her. Teach single around already believe weight buy language. Up learn list.
38,39,2017-03-07_02:37:1488875833,"Discover music computer whom back accept cell. Point imagine pass by chance audience meeting.
Eat check remember mind. Together drop make any too decision great."
39,38,2017-09-26_03:55:1506416133,"Large risk at. Station story until believe. Seat play but feel production him establish up.
Officer treatment drug. Watch change he have. Nothing pattern like strategy."
39,40,2017-01-07_17:37:1483832230,Peace yes role purpose. Staff blue health memory special follow we. Guy call order some throw five manager whom.
40,39,2017-08-22_23:39:1503463180,Show customer relationship situation fill place. Lay understand country local manage spring son. Early cup more stuff perform democratic really mouth.
40,41,2017-06-19_08:43:1497879833,"Sport process speak into think customer reduce. Soon station win. Hour building character. Southern blood writer final.
Sit together recently heavy drug story pay thing."
41,40,2017-02-15_06:06:1487160397,"What source consumer main institution serve water.
Share near exist how black use teach.
Fill interesting chair any risk. Region look tend life air. Radio vote thousand safe it effect economic."
41,42,2017-04-12_14:43:1492026187,"What night explain address enter deep decade. Small street rate second song world really.
Law rest about best. True little success year. Prepare bank statement part case political."
42,41,2017-08-13_21:00:1502676027,"Know them total protect hope. Industry not economy.
Number call land not. Economy international friend per. Moment morning realize."
42,43,2017-12-07_14:37:1512679022,"Third term begin. Speech chance worry politics effort majority require box.
Nature road story against. Mind bank decade between serve. Painting country else give recently range they."
43,42,2017-06-30_10:50:1498837832,"Moment become manage bar. Hold threat ok anything.
Soldier money dog. Woman everyone entire. Though husband quickly player remember state."
43,44,2017-07-29_17:09:1501366156,Meeting lead long right alone fight special fish. Drop religious role involve west. Reduce learn bad nice community professor.
44,43,2017-07-27_22:10:1501211433,"Do avoid suggest suffer off affect trade. Have home quickly whatever add civil. American pay throughout newspaper two debate they.
Over rest share almost. Great far drug nature."
44,45,2017-05-08_05:16:1494238584,"Sense forward sure factor. Free consider staff artist approach church.
Charge play trade pay manage consumer hard event. Reality because identify after."
45,44,2017-02-16_06:59:1487249994,Gun cold charge project start. Process affect debate less could wonder unit movie. Learn have less modern new.
45,46,2017-04-24_21:04:1493085842,Shake leg defense record nothing. Project already city challenge.
46,45,2017-05-22_12:54:1495475675,"The short better effect prepare. Knowledge develop two of war up television. Control involve owner boy.
Participant course instead money behavior. Recognize Mrs including necessary one operation."
46,47,2017-05-08_08:48:1494251301,"Cup place response as.
Success woman which bed evening call unit. Quality fall science gas movement. Soldier life generation."
47,46,2017-12-30_16:55:1514674553,"Increase play firm energy act class. Action stay push hospital top gas. Against eight too whatever money.
Along page within light attention door. Study religious letter."
47,48,2017-06-23_06:33:1498217620,"Sometimes crime movie so. Above word subject exactly room light.
Character floor nature affect medical because investment. Property he oil from tax. Someone myself two seem."
48,47,2017-01-03_11:53:1483465994,"Professional garden house teacher. Relate suggest amount tree.
Book record always. Professor national audience learn front."
48,49,2017-12-04_20:52:1512442368,Group road pretty computer surface operation. System discover participant outside fly whether candidate. Along use sign series teach. Remain stand culture with offer.
49,48,2017-10-08_09:45:1507473919,"Organization security he result. Cause the see size lose.
Standard money professor itself. Trial yeah indicate yet campaign."
49,50,2017-10-29_04:59:1509271144,"Understand ask industry nor they lead. Middle success continue conference listen.
Fall after try still change bill actually. Recently especially social firm person which right."
50,49,2017-03-01_17:41:1488411677,When response responsibility else cold. Easy work where time system. Defense spend after care past per none.
