user_id,username,profile_photo_id,email,password,first_name,last_name,phone_number,age,state,address,city,zip_code,latitude,longitude
0,Thomas_0,2,objectionably2012@outlook.com,a6aa9e6f73dd5e2a45b9661c5c2486e247f579644dc2820885b03d0969993d7c,Jonell,Pace,8346639170,40,Oklahoma,8 Burnside Square,Bokoshe,74930,35.18554,-94.77969
1,Bianca_1,9,antienvironmentalists2020@live.com,0bf1e411002cfa634b4a8fd11f6ccb98606fefe3d10df1103f7cd5b97d7859ef,Alan,Mcbride,(898)352-3151,39,Kansas,1101 Fuente Row,Long Island,67647,39.93674,-99.53872
2,Nicole_2,5,casey1923@outlook.com,df1897b6ed9a9f3bec3c915ab91f1bebf0886b6a3f6a06769240cd5f052794bf,Lavelle,Best,396-828-9287x684,22,North Carolina,248 Dorland Arcade,Hampstead,28443,34.43992,-77.67196
3,Alexandra_3,5,harrier1873@outlook.com,5c8ad1e59cc8bce62fdbbc477c768acd7320e2a1a18abc8888c430ae3e2f1a8e,Ray,Dyer,(311)226-0871,21,Ohio,620 Avenue D Heights,Seville,44273,41.02751,-81.87623
4,Danielle_4,4,enrapted1927@gmail.com,927d06cfb3612b659662a237af20cace8945fff26738737325c6570b5e7e2f70,Luna,Dickson,5446779675,33,Pennsylvania,1343 Georgia Terrace,North Washington,16048,41.05318,-79.81841999999999
5,Joseph_5,1,calinda2016@gmail.com,c9749ff1e70e97cd3490fa4e59a9eed8993e61a6ccfc38160b941f28d7b97741,Rubi,Thompson,131.502.3284,76,Pennsylvania,1360 Upton Grove,Bellefonte,16823,40.93769,-77.77303
6,Susan_6,5,decatur1817@outlook.com,c0debf72a79ef3ab3f9c083e5505ef71432740f889546512897c7803033f625e,Nicholas,Eaton,+1-623-789-1551x070,83,Iowa,983 Missouri Spur,Blanchard,51630,40.60099,-95.19131999999999
7,Susan_7,7,flighted2016@outlook.com,440baeae96ccbcfe85720e9fa1f96d11cc12a2c8ff2a20176bd9d52ccfe7ab06,Asa,Scott,1320758317,56,New York,478 Belmont Street,West Stockholm,13696,44.694720000000004,-74.88802
8,Todd_8,6,anoop1858@yandex.com,b4fb6fe9f8ab19b69ed8061ddb8f620d745a0250bbf2837a2f608d967bb931c3,Phung,Bowman,462-741-6254x68337,38,New York,943 Walnut Road,North Creek,12853,43.681259999999995,-74.00859
9,Christine_9,2,myelopathy1844@yandex.com,4aeb9887bc8b1074a70e96a553fc90f1392fa81ea2eb3080d7aec0e1b6e5ac2c,Clarine,Whitney,(914)846-0327x7864,38,Alabama,1078 Albatross Townline,Repton,36475,31.38141,-87.22469
10,Kyle_10,1,algonquin1864@gmail.com,5f926d0266972834b9c1fd743808bbf471b7cfad0ba1748af649f32f35d22469,Akilah,Wyatt,001-357-268-9486x080,45,Utah,209 Woodhaven Square,Roy,84067,41.17183,-112.04815
11,Bruce_11,2,songwriter1809@yandex.com,eff9d1501c7d602db42c4de0aeeabf87cd780f20488e8bcac7fadbb1409b2d0c,Seth,Rocha,001-054-225-8259x8921,82,Nebraska,24 Marshall Road,Bloomfield,68718,42.65592,-97.69676
12,Jonathan_12,2,posadaship1876@yandex.com,71f36dd7aac770664a76c129229f28e00d0528d7372404c20c7fb2d0b43711c0,Art,Mack,9508394130,33,Colorado,619 Hegal Wynd,Grand Junction,81507,39.00931,-108.62607
13,Christine_13,4,unmolified1931@outlook.com,54283f1de5b5d0f3bc9842a52532e30ccc78e5ad472b0440d270741dcca57422,Alfonzo,Booth,826.975.1198x24059,19,Pennsylvania,331 Edinburgh High Street,Albion,16401,41.8811,-80.40485
14,Lisa_14,7,inconditionate1864@gmail.com,1c285455d5ffa992fa5388d4b4a6a3c5236d05775475e306ff6ed3a5b2d173f1,Wade,Berry,140-042-0814x266,31,Virginia,1114 Winding Parkway,Ashland,23005,37.75956,-77.48221
15,Melissa_15,2,sittidae1994@outlook.com,dd47f114e47913ba4bfa3293115f5e8f30449fd6acc3bf85ebf0b22fcabbd92e,Dante,Andrews,979.744.2944x690,21,South Carolina,1129 Montecito Drung,Yemassee,29945,32.67304,-80.78433000000001
16,Kevin_16,6,bear2030@yandex.com,6684729e0c95b42c084f0a356d6dbe28c5e5e2619eb3387ccbe503538b245ac2,Adriene,Bush,846.578.4841x9912,88,Georgia,779 Fuente Court,Hiram,30141,33.86265,-84.77174000000001
17,Richard_17,8,arctalian2050@outlook.com,51fbd9680178dfd26a52368e88b3dde35834884553ac3343cbc5dbc828c4c7ae,Lavelle,Maxwell,(201)649-4830x0742,84,Massachusetts,863 View High Street,East Orleans,2643,41.765679999999996,-69.93648
18,Patricia_18,3,tibouchina1946@outlook.com,396cbfeea4986b30365b207d9502284615e80866cfddfee3ebf98ad00fe7dfe5,Mack,Pace,001-597-860-8674x167,42,Georgia,1310 Espanola Arcade,Stone Mountain,30087,33.81003,-84.13132
19,Patrick_19,2,masterly2010@outlook.com,d0bf50012348ee609ff1b37c03191f29e0840b61123a657169a6b9cfe55c537c,Darron,Leach,+1-519-620-9363x2214,23,California,1178 Loomis Plaza,Chula Vista,91911,32.60738,-117.05405
20,Elizabeth_20,9,aporia1839@gmail.com,39fdfda50a1553e23717f22244b0d50d11e7e4528b0df7e968f5c228f4fa7c1b,Jeanett,David,(078)156-4849x67409,87,Texas,1 Fair Oaks Brae,Bardwell,75101,32.27004,-96.70244
21,Mckenzie_21,2,validity1922@outlook.com,caf305c2e44e7020290171580a438b3e1a986e0ea49c7c263543c695d5f20855,Roman,Cervantes,(678)070-6641,21,Indiana,866 Bigelow Trace,Lynnville,47619,38.19129,-87.29805999999999
22,Melissa_22,9,acryl2017@outlook.com,4c125f34e60488915defa6cd77ec114f75575e8871d56d0885456da4a5096559,Jason,Burgess,6601712933,36,Arkansas,191 Granville Trace,Floral,72534,35.60003,-91.72594000000001
23,James_23,6,sacculoutricular1869@yandex.com,8e3da12f3abd910bdfb9d5c468ec912f503e7848e1dc16ebf2893d499f9449fb,Carol,Bond,503-741-2670,64,Tennessee,775 Mauldin Hill,Lebanon,37090,36.12506,-86.29666999999999
24,Gary_24,4,reformat1830@outlook.com,fa76c0079907d05508ee3fa3252f821859526f33911565eb1bec4f2369c196aa,Adan,Booth,452.111.8973x3222,67,Massachusetts,608 Dashiell Hammett Expressway,Chicopee,1013,42.1595,-72.60824000000001
25,Aaron_25,1,ditrematous1811@outlook.com,ffa639a1aed78fc95fc3959e26b0292c13764a4baaf8e09fb153f897ee56ef52,Alton,Le,356.981.1038x518,42,Iowa,721 Reed Street,Reasnor,50232,41.5565,-92.96698
26,Clifford_26,8,ateles1904@gmail.com,8ad0a19ae51967c06a9c527f9dd004600a45b1511816f257067d01228dc9d303,Jesse,Wooten,+1-370-422-3101x4968,86,Kansas,1151 Eagle Glen,Bentley,67016,37.886790000000005,-97.51471
27,Meagan_27,5,erasement1918@outlook.com,439f67bbd0fdc7189115a29582bcc14305da235fe20340657e7ead2e0eae8057,Cecila,Case,+1-080-423-3650x91042,72,Pennsylvania,521 Cottage High Street,Glenolden,19036,39.903620000000004,-75.29342
28,Susan_28,9,costard2051@yahoo.com,1e384f4c19f8aa750043fb7d54a5461fda0cde2d482278fcf735f4869c54d716,Joshua,Guerra,0788849321,82,Mississippi,600 Nancy Pelosi Lane,Pheba,39755,33.61193,-88.95385
29,Elizabeth_29,2,culch2046@yandex.com,01fe9f42510fe51a8001adfa263f412c607324ccdf149dbe62d1a8b384c22219,Randell,Winters,001-047-124-8363x4040,85,Iowa,135 Bay View Line,Dunkerton,50626,42.57816,-92.17095
30,Roger_30,4,boohoo1901@yandex.com,4c91cc8e1e858b0cc6469d0accb2d2676107663e23a63df011ad6eba92032519,Sherley,Howe,001-510-965-1884x7287,87,Tennessee,1212 Telegraph Wynd,Signal Mountain,37377,35.20885,-85.33525999999999
31,James_31,7,cutesy1972@outlook.com,9c3171469cc38e0f2e95c0bdd2d2ae6a661ed9238c670dd27a76f67eb0334dc2,Charise,Ruiz,511.308.7854,59,New York,900 Hale Annex,Kinderhook,12106,42.38892,-73.71128
32,Cory_32,6,spermatogenesis1955@yahoo.com,b43ce2e0560634c0b421149ed7c829e6e6c64dea75f63be987a0fa6e03ca2993,Kayce,Potts,+1-810-997-8453x3750,60,Ohio,1303 Tapia Sideline,Stryker,43557,41.48405,-84.39612
33,Brandi_33,5,ardys1914@yandex.com,7e8c6abfc3efeb836042ef786feff940d571758fa54506285ea84a19f60dafd0,Angla,Ball,327-472-2512,36,Florida,22 Rivoli Plantation,Altoona,32702,29.03925,-81.62534000000001
34,Mikayla_34,8,ethenyl2019@yandex.com,37e7173044f766c0fac0a6a819a292b6a41960c9b55320a9f4bd6a65ff830e91,Cordell,Hines,140-999-3100x195,63,Arkansas,7 Caine Private,Jerusalem,72080,35.52434,-92.80503
35,Thomas_35,9,exploiters2047@outlook.com,e99af3fd68965bc15495e41c904fd0a32ce1e783eefa2484807bd34a5cb63fe9,Oliva,Wells,001-245-049-0158x7557,35,Pennsylvania,755 Kittredge Esplanade,Oreland,19075,40.11405,-75.1863
36,Kyle_36,6,acree1961@gmail.com,2ea44dd68600b89f7ec0617accc2a62ae919f4ec942f1ea02f730d097429005a,Kali,Sandoval,+1-433-669-4854,42,Kansas,357 Argent Place,Lehigh,67073,38.384240000000005,-97.32946
37,Catherine_37,3,vault1839@outlook.com,4e23bce7937cb11123a2907f6db01e6ccab6137a4af87d95bc2442ea0b692b28,Terence,Kerr,825.673.1295,72,New Hampshire,44 Crestwell Lane,Weare,3281,43.08126,-71.72208
38,Wayne_38,1,dusun1959@live.com,87017e72a77df22b4ca7b0de89299a428d5db396cb562ac334bb59b05ada4cb0,Shelby,Jones,888.930.9311,26,Colorado,1058 Uranus High Street,Weldona,80653,40.38844,-103.97811
39,Gary_39,8,hippidium1992@gmail.com,3984f7c95f019f7beaf972586917d65209eeb5533a147ff2474948d9407c3fc6,Nestor,Mcgee,831-078-8176x26053,31,Arkansas,628 Paper Parkway,Imboden,72434,36.2168,-91.16268000000001
40,Sharon_40,9,chichi2050@yahoo.com,33ffeabf771ffa62cd8bbd10e7145efb3a64ba12ada84ae89e8ed8f5f0b036a6,Elmer,Leach,(948)919-4045,59,Iowa,229 Nadell Grove,Elgin,52141,42.93932,-91.63083
41,Megan_41,3,mongoose1825@yahoo.com,9c637d76e9f57b86879863a04d843dcf26b99bd021337ad2294cd6b0e040e200,Glen,Franks,(838)997-3851x82975,39,Florida,257 Reposa Drung,Citra,32113,29.399540000000002,-82.08145999999999
42,Heather_42,9,semiquadrate1903@gmail.com,88ea2b3c8b1abea2e00e8ad4eaa548b4344db1d48900b21bb6ea2a02aa167d0c,Hank,Knowles,286.827.1836,37,New York,462 Malta Esplanade,Brasher Falls,13613,44.863859999999995,-74.74077
43,Mary_43,7,containerize2049@yahoo.com,56b9b331e7ecf9586233d8560f6c9d5a76d108cacfec3382e0566145c6fe8af4,Francis,Taylor,(926)631-6917,19,Illinois,2 Melra Square,Homer,61849,40.01115,-87.96191
44,Marcus_44,6,caterina2001@live.com,5f4c9d3271b691181cee51bd4acb05a30519f3653251694c6051667a3687fe7e,Loan,Valdez,683.559.5578x215,35,New York,1232 Weatherly Spur,South Plymouth,13844,42.610079999999996,-75.6704
45,Mary_45,2,hamster1898@yahoo.com,d94bfd08217175e8d6902def73665ab48fcbb2a6db90b459e36998223a3b1929,Shizue,Joyner,488-508-4033x414,48,New York,1288 Birmingham Line,Collins Center,14035,42.4908,-78.84831
46,Amy_46,6,anteal2053@live.com,d8eccd2466dac9bdebbc5c7afd192d2f18aed23cd2e126dbc9e1a7ecb7b23c8a,Rod,Davis,999-877-6822,64,Ohio,1317 Colonial Trail,Cleveland,44104,41.48223,-81.62680999999999
47,Michael_47,8,estheticism1829@live.com,4742cde103582fba10bca8e318f83c8c365176e907c3e41e63386e50eae05025,Ivana,Wyatt,(313)532-2627x23637,39,Indiana,603 Nibbi Glen,Owensville,47665,38.27881,-87.72268000000001
48,Kimberly_48,2,tuatera2053@gmail.com,a835e8f10aacd96e21be4d3237123ca5fefb23ca899275b4951296a7c3dd2dac,Vincenzo,Nunez,778.028.5597x5232,64,Missouri,153 Rolph Private,Garrison,65657,36.83316,-93.01467
49,Brian_49,8,securableness1822@yahoo.com,c9284d0f7e2b8800a33c73368e3393c29d9b20a53faa3cf57b7dce1955b3593d,Barry,Eaton,298.750.9454x98574,58,Alabama,899 Public Annex,Mooresville,35649,34.61705,-86.87099
50,Jennifer_50,2,guanaco1932@yandex.com,2c44644d1935cea63aec33776efbe7ad4a4ce336baad98df59e2dab522d97dc7,Yanira,Heath,(138)602-2687,31,Florida,29 Dudley Drive,Lamont,32336,30.2537,-83.85901
51,William_51,2,devera1826@live.com,e324b4b4d24435db9d7e573bbd43a09ae1830b2ba2440c92f7e0b2133746b969,Russell,Burton,001-889-564-7907x05165,80,California,262 Paramount Thruway,Porterville,93258,36.05438,-119.15041000000001
52,Dustin_52,6,consultive2001@gmail.com,feac5cfdb049cb5a4fa7e891b7b7f16c462e9be995dcdb666673010eff7344b7,Ai,Rodriguez,(986)967-8801,41,California,447 Cuesta Side road,Long Beach,90803,33.76161,-118.12218
53,Kyle_53,6,tracking2007@gmail.com,bb99ad348eea5d34e4b1730677bdae4c20b3b18c5ab19f6a0ffb4752b83633b4,Dorsey,Little,+1-335-521-3635x198,78,Louisiana,1210 Admiral Stravenue,Dodson,71422,32.07825,-92.66398000000001
54,Margaret_54,8,vegetation2048@live.com,010ca21cb6e81a720988335ab6fd584ad2e8aeae7765fb5a0aef36dc40edb21a,Manie,Walsh,474-752-0709,73,Minnesota,1086 Lick Side road,Saint Paul,55105,44.9346,-93.16816999999999
55,Elizabeth_55,8,staminigerous2005@live.com,cf533f6acecff758b4e5907bbe0cb83fba5b3f68f4d3df0423123a6c3c2b2f1e,Kirk,Holder,383.507.5205x1477,18,Montana,1166 West Crystal Cove Drive,Arlee,59821,47.172579999999996,-114.06047
56,Sean_56,7,glioma1846@outlook.com,cdbb25445a9a2e85f452a7e504c752657f1f5005608cb3242934c9362de9dcdd,Tracey,Moore,(021)474-4862x43709,32,Nevada,121 Reeves High Street,Carlin,89822,40.5313,-116.19417
57,Corey_57,1,reinvent2034@gmail.com,4748202d8bc34c0b6749ff20fa52e917de0d82006c939f67b7fc0a30ff736d6e,Byron,Hendricks,8582515874,63,Minnesota,756 Giants Terrace,Forbes,55738,47.27434,-92.67236
58,Jonathan_58,8,piperazine1857@yahoo.com,0bb7a74fd73d8c77c68f94fc62b43e921425d4dc20d7d3760391bbe8be83faf8,Jess,Brooks,001-912-680-7693x962,86,Colorado,157 Vasquez Nene,Carbondale,81623,39.251090000000005,-107.20443
59,Shannon_59,9,oppose1911@outlook.com,eef600e680ea524f87c0b5b76fcfbaed663aae42ca3098c3fa912fe666bfa96b,Alfonso,Combs,724.967.0177x03741,85,Iowa,536 North Bend,Richland,52585,41.19239,-91.98205
60,Renee_60,7,depark1862@yandex.com,45589ef5dfcfe249b85696e57af2dbb05a4d83934329425726d0dda906fac9d0,Wilhemina,Coleman,631-094-4236,62,Arizona,965 Turk Field,Lukeville,85341,31.87378,-112.78478999999999
61,Amanda_61,7,debus1955@yahoo.com,e63d7d5c1dc3951b26e1c523175ddc30cada2d9f6458ea18dbb470bce7adba53,Anibal,Hines,001-460-843-5425x9575,43,Pennsylvania,688 Doric Alley,Noxen,18636,41.40265,-76.09746
62,Gregory_62,4,calculous1881@outlook.com,5001ff78bb6bfa0498c1033543a0e12a36e5b5c50522183c7e608778f516ef4f,Marlen,Norton,(370)714-3301x084,74,Texas,962 Bluxome Route,San Antonio,78254,29.536920000000002,-98.73779
63,Steven_63,1,orthostatic1871@outlook.com,0b83d5e32d81a79b3a127e1b6d7d6c36ee85165679a1fec6c011c67c2f9fef28,Micheal,Adkins,001-130-039-0098x0765,64,Vermont,1185 Santa Fe Side road,Fair Haven,5743,43.66963,-73.30619
64,Ernest_64,4,monadiform1856@live.com,5e569404492176e8b9a7c50cda7fabda2a9e50df2e11a113e356e9872c57c8a0,Tony,Benton,107.441.8485x56595,73,Minnesota,1181 Thrift Highway,West Union,56389,45.79887,-95.08922
65,Brittany_65,4,astral2012@gmail.com,8241b7f7194fdc5908b6d6caa622c50a397a2b62e02d9c8582843647e6a167fa,Melita,Castro,+1-674-143-7196,61,Virginia,753 Michigan Highway,Callaway,24067,37.03372,-80.06895
66,Travis_66,6,annoyed1975@outlook.com,4ec1db2ac7c3b142b82626c1dd232c663ecd1089bc677657b9a0aabee14485c9,Isis,Francis,(386)907-9587x2155,77,Wisconsin,201 Walkway Run,Glidden,54527,46.123329999999996,-90.66421
67,Aaron_67,4,aggies1984@outlook.com,8a8dc31924300bb86ae367faaec8655294604bce1660bddf115e5c9a43e54d27,Terica,Mercado,727-752-5855x5229,29,New Hampshire,963 Nancy Pelosi Row,Auburn,3032,42.9906,-71.34378000000001
68,Chelsea_68,9,bask2051@outlook.com,4523c7a3f1817d3039b82ac13287146fa5b397e1dcac87f2c0efcd4eb206769b,Florencio,Guerrero,929-630-4324,66,Minnesota,664 Battery Crosby Glen,Circle Pines,55014,45.16421,-93.12315
69,Amy_69,7,costectomy1871@live.com,1140e3a44911e814060e4f164ebaa2564cc8525b9daf413654845d93caf5f0cf,Madie,Guthrie,620.379.8803x6571,28,Missouri,251 Briarcliff Glen,Wayland,63472,40.40017,-91.58421
70,Cynthia_70,2,nonderogation1965@live.com,914a183cb20068cb846a00cc69ba672b6bace769c4a204fcd3121ba7fc218496,Tawny,Pratt,077.186.2015x36822,70,Illinois,657 Octavia Concession road,Jewett,62436,39.17982,-88.25247
71,Kathleen_71,9,tinct2038@yandex.com,be94b00edec864bf2430caebb7f84b3f915594c70a64b76407be6ef6b23f9280,Wayne,Stout,001-884-641-2546x0166,42,New York,773 Clipper Path,Pottersville,12860,43.725559999999994,-73.80778000000001
72,Deborah_72,7,genesitic1841@yandex.com,57aabd8108f01b5fb9e3cd293c084ca7985875b9fb8568d62fe6cb31b0f43c35,Moriah,Rice,001-207-640-0133x2322,19,Pennsylvania,182 Avenue B Terrace,Portage,15946,40.37234,-78.63277
73,Margaret_73,6,decreers1801@live.com,0d56845113adf3198970779b7ad78119de34be4a980bd8b94b1f62c59d437609,Irving,Carney,+1-337-045-7168,74,Idaho,339 Wayland Extension,Irwin,83428,43.418690000000005,-111.16481
74,Todd_74,2,verbenaceae1829@gmail.com,2a59b93eb86f0a7312efa9d8d16dce6766566eb700757e2adb7235eadac7ac4e,Ellis,Koch,027.399.5363x80013,21,North Carolina,923 Marsily Expressway,Bunnlevel,28323,35.31192,-78.84061
75,Connor_75,1,holocryptic2060@gmail.com,882f470867ad80e48d2fbf61f7dd6a36c4bb20b8c37631e6d1d5c0b7f01db071,Scarlet,Dyer,(528)456-9480x0752,65,Oregon,654 Marietta Drive,Jordan Valley,97910,42.73826,-117.50533999999999
76,James_76,2,decoys2031@yandex.com,3ad65f74902036f0dec0daf2379f931709bb6c316e59e1dd1b050696d0c351c2,Lewis,Hyde,(204)590-1443,54,Utah,614 Ashburton Mews,Cisco,84515,38.9426,-109.17928
77,Lori_77,6,decoupage1841@yahoo.com,d399cec53c8dc46eab90053042375a65a664a1c9f6a80453e3c77b7c5d80d1a7,Kurt,Alvarez,094.190.1718x20358,80,Texas,560 Vassar Park,Fort Worth,76102,32.75923,-97.32978
78,Tamara_78,1,booking2052@outlook.com,6d66dc84d30cb0be007e1126773eed1796db0a0e92ae13fb01f4f28b3099cf01,Marybelle,Farrell,(306)470-6448,53,Oregon,373 Elmhurst Manor,Hermiston,97838,45.85295,-119.28696000000001
79,Kevin_79,1,thieving2046@yandex.com,c008a4081060990df3ce4f9b0403d60df7765dbd7fa085e7167f09a5f5a27120,Rachele,Burke,001-850-801-5351x27280,84,Pennsylvania,639 Rayburn Annex,Pittsburgh,15208,40.453179999999996,-79.89941999999999
80,James_80,3,afterimage1870@yandex.com,ce6d4ae2932c58d2ca8dfb5b300b8074e411ef3f03ceebf31e2839c386349128,Heriberto,Elliott,766-285-0254,64,Indiana,4 Chestnut Extension,Veedersburg,47987,40.12344,-87.22661
81,Cory_81,1,outplodding1805@live.com,242df566032e73fa29e9ad017574f2c2e1557c1b5fd82364fc29407043df2eb8,Leana,Hester,900.722.0396x860,64,Alaska,292 Anderson Park,Nenana,99760,64.21368000000001,-148.23073
82,Cynthia_82,2,fagottino1853@live.com,7c4af4449fd1dcfb94369b3dd2990ec89f176bd02f18a19c483627e21f22b2f8,Rodrigo,Munoz,001-703-473-1591x142,74,Wyoming,641 Hoffman Cove,Hyattville,82428,44.30832,-107.52618999999999
83,Sarah_83,8,hydrograph1867@live.com,2017ddebc4d1f42ed2b5214d6dbf2299e94b56b43c4fbd9a24441df8024d0d6a,Theo,Sexton,060.972.3799,59,Florida,1115 Zanowitz Loop,Wimauma,33598,27.68652,-82.28168000000001
84,Stephanie_84,2,depicting1833@live.com,6cb672b40fd682933379c03609e593d92cf56556db84b1abaed1dcd323f0b323,Lakia,Ratliff,001-083-161-9577,24,Indiana,1371 Dormitory Brae,Moores Hill,47032,39.08079,-85.04981
85,Loretta_85,5,acree2001@yandex.com,32a97dff1376f205985ae0cae8204608a63a8db68ee67f8f040356549a7beb83,Pasquale,Flynn,(984)416-9455,77,West Virginia,1369 Clover Parade,Seth,25181,38.04699,-81.62904
86,Craig_86,7,solitude2062@gmail.com,a786777f6982116674144fef733a352c94fc9559b8636d4d8153255d928903f1,Brice,Houston,444-167-2784,71,Minnesota,224 Latona Bend,Darfur,56022,44.05362,-94.8393
87,Paul_87,6,festellae1816@live.com,612245dc0880fd2427245534fc51f7f0e03c63520ac2573ed722cc993c32dc48,Marquis,Clarke,(380)265-8348x63882,60,Ohio,735 Bob Kaufman Private,Maumee,43537,41.57468,-83.68551
88,Eric_88,8,protrusile1889@live.com,e1920e2cffebdcc66d661a7ef25abac4237970b2a14aaee93166f0dbb3083741,Burl,Whitaker,(217)182-6494x9355,81,Michigan,1115 Don Chee Esplanade,Flat Rock,48134,42.10714,-83.29339
89,Patrick_89,4,fahey2052@gmail.com,13a94ed409ab905e4ef1850da5d7b86ed8bd185b7714da92cffb536808ed6b37,Emile,Vega,(076)114-9823x61682,44,Iowa,1054 Mistral Pike,Buffalo,52728,41.45622,-90.74195
90,Brandi_90,5,starfish2041@yahoo.com,35ad7715e3a093eef732cf4f50a4d967a5c325d4d9af4499d42cde39db8cd36b,Carlie,Stevens,219-795-5868,40,Mississippi,1271 San Bruno Parkway,Okolona,38860,33.969359999999995,-88.76375999999999
91,Kendra_91,5,cappadine2048@gmail.com,cfac0ea6338b494ce909bc139253d202ac721149178cc443a6630f66d4574a58,Luke,Sherman,904.658.6755x29373,48,Illinois,1136 Eve Plantation,Palatine,60074,42.131479999999996,-88.02656999999999
92,Jose_92,3,prolegomenon1864@live.com,8243d1eb09b46499c6d4d157fee7afd8eb1e50bf78f22fc431f0ee32d44722b6,Hiram,Hendrix,001-512-246-3654x209,89,Tennessee,737 Southern Heights Glen,Petersburg,37144,35.30522,-86.66033
93,Lawrence_93,4,demijohn1994@yandex.com,5ab432f7b427ddd1876f21b6870d2ba3df39062f0b63e7ed28be7ed3a2b4bb9a,Filiberto,Perry,533.206.8227x4463,78,Arizona,1263 Public Plaza,Prescott,86305,34.818509999999996,-112.95843
94,Stacey_94,2,atman1940@yandex.com,5943168d1546650435db986c695609171d127a74e9558f7541d64e8e35645046,Fabian,Reeves,(809)238-5453x150,78,Illinois,228 Tomaso Loop,Staunton,62088,39.011990000000004,-89.79869000000001
95,Kelly_95,5,asouth1960@gmail.com,4cbea6399f405943324210c9abb7979268ddd9cd8f1a2964ff0601d459a26eb5,Santana,Valentine,131-952-4932x546,79,North Carolina,629 Redwood Pike,Canton,28716,35.43589,-82.86109
96,Laura_96,9,charlotte1864@outlook.com,0481124523b12ea5504514f813413ec958df97b33825dffd6168408669f43e73,Cythia,Rowe,(978)953-1425x82277,73,Virginia,1327 Avenue Of The Palms Street,Bacova,24412,38.05505,-79.82800999999999
97,Mark_97,1,dirigent1841@outlook.com,7a1d3f28ff96786156c4a2c902ca8068f94d26cfc8f2633d44687a53bee8ea97,Domonique,Livingston,(937)093-6166,36,New York,910 College Glen,Elizabethtown,12932,44.21219,-73.61264
98,Carolyn_98,4,cameo1996@gmail.com,4941c008674cbd1dc40895b242748d7a74d65134c61a9ec072ba34eff66b8d50,Royce,Sims,2137166995,25,Arkansas,363 Crescio Walk,Fouke,71837,33.25782,-93.85445
99,Jason_99,5,propacifist1897@outlook.com,031fc1bd65721f993c49d5bb037d554e183189fb6e06355bcbc84bae34f2dec8,Joslyn,Kaufman,5950303688,67,Georgia,703 Ney Highway,Woodbury,30293,32.97425,-84.60175
