user_id,username,email,password,first_name,last_name,phone_number,age,profile_photo,state,address,city,zip_code,latitude,longitude
0,Shelly_0,champagnes1868@live.com,3c39ed1e26040641b67bc29b340c48aac9c02fd1504aed035749d17813afd542,Thanh,Sykes,(804)550-9507x826,22,https://paperclip.link/assets/testing/images/profiles/7.jpg,Florida,497 Costa Spur,Haines City,33844,28.084509999999998,-81.58533
1,Catherine_1,increaseful2012@live.com,9b30ae6e62f788eb5b2e0df332f4c33ff51901ea495673304a324dd07e47f55b,Cyrus,Cook,+1-563-807-4565x884,60,https://paperclip.link/assets/testing/images/profiles/1.jpg,New York,1338 Lester Drive,Sterling,13156,43.333009999999994,-76.66056999999999
2,Jeremy_2,coater1914@yandex.com,d681d0b6e20f6a8c129f16307e73b9b2182c9cfa737758b3a0d5756c3c7d92fb,Tomi,Brock,155.054.0346,32,https://paperclip.link/assets/testing/images/profiles/6.jpg,California,539 Lockwood Trail,Hayfork,96041,40.52362,-123.19446
3,Alexander_3,amygdalotome2069@live.com,3abde43180242d1a3fe9993ff3c3d5fa46ccc0287ff68d2537a0358d3e347f32,Gayle,Ortiz,033.141.2741,24,https://paperclip.link/assets/testing/images/profiles/1.jpg,Illinois,412 Sparta Court,Bondville,61815,40.11074,-88.37679
4,Michael_4,alcheringa1898@outlook.com,ab56ad9cd29cf2653b9e4b6546405ed9db6261232821f4fd1473be13620369ab,Jerald,Massey,676-610-3459x9981,28,https://paperclip.link/assets/testing/images/profiles/7.jpg,California,1383 Arago Alley,Gerber,96035,40.04681,-122.18203999999999
5,Susan_5,dervish1849@outlook.com,c9a30a0923f156d2c5b994f51851e77cbd9e16afa0257954427c69dfc5f876c9,Hung,Preston,325-158-0763x806,50,https://paperclip.link/assets/testing/images/profiles/9.jpg,Florida,1279 Sparta Drung,Fort Lauderdale,33304,26.13865,-80.12159
6,Amanda_6,negativist1826@live.com,77835f7b509beebe502842687614a453d0acc80fa0aa46fb6fb8fd3dacb57108,Dario,Diaz,361-143-0619,60,https://paperclip.link/assets/testing/images/profiles/6.jpg,North Carolina,1400 Rebecca Bend,Cary,27519,35.807140000000004,-78.88705999999999
7,Richard_7,baldric1823@yahoo.com,85e329eab0040339c00f5fb37f600e8ef5162f29be19f3de0ff5f8e06e6940de,Valene,Dickerson,(609)829-7801x343,38,https://paperclip.link/assets/testing/images/profiles/7.jpg,Louisiana,1050 Culebra Plantation,Kentwood,70444,30.90656,-90.48961
8,Jonathan_8,cypher1959@yahoo.com,ba557ed28290dad23bfe6b642008cde92a39e07ee1ffa761ac105e74123bd9ae,Ludivina,Mcknight,559.458.3658,71,https://paperclip.link/assets/testing/images/profiles/7.jpg,Indiana,819 Lois Close,Mishawaka,46544,41.61692,-86.13891
9,Misty_9,warthogs1998@outlook.com,83cca1a2171214cf26d2a9e454f47360487c54c0522500f66c694cbae9ad68e0,Taina,Watson,(283)366-5601x3396,27,https://paperclip.link/assets/testing/images/profiles/1.jpg,Nebraska,242 Navajo Side road,Burchard,68323,40.140190000000004,-96.38206
10,Miguel_10,sandgoby1853@yahoo.com,946eb4ea4757994f8626fe82871605d84cefddc1f0698accbc9015a9e358bfcc,Ben,Casey,562-403-5354x2651,82,https://paperclip.link/assets/testing/images/profiles/7.jpg,North Carolina,700 Crisp Road,Bolivia,28422,34.0196,-78.17294
11,Melissa_11,overembroider1809@outlook.com,0fd892d493a1015ba59998ab94f451341463cdea364b94a4304bf4434e346243,Augustine,Parrish,001-463-195-2497x842,23,https://paperclip.link/assets/testing/images/profiles/6.jpg,Massachusetts,1123 Harper Cove,Brookline,2445,42.32597,-71.13396999999999
12,Theresa_12,polarographically1879@outlook.com,9bbe70f9a93def84f7f3bb39325a621a913589e0333837e0dc7494995ecbcca8,Florencio,Watkins,774.515.0845x74401,32,https://paperclip.link/assets/testing/images/profiles/4.jpg,Connecticut,907 Charlton Side road,Ashford,6278,41.89103,-72.16991999999999
13,Jesse_13,embrothelled1867@gmail.com,9d94c570f07292028bf8945f3d0ff35b3975bedcdc75a1e224261c455cd2faf7,Zack,Heath,(137)039-0482x513,62,https://paperclip.link/assets/testing/images/profiles/10.jpg,California,1096 Malden Townline,Randsburg,93554,35.414809999999996,-117.76603
14,Troy_14,calabrese1845@gmail.com,19f3cbbe0f7e9f369ec7470b4f4ce686718585c8b6165dd3c9451ae4056cc160,Fleta,Ramirez,943-760-4737x4335,29,https://paperclip.link/assets/testing/images/profiles/10.jpg,Pennsylvania,1376 San Marcos Avenue,Anita,15711,41.00813,-78.96225
15,Todd_15,acetract1986@yahoo.com,9266876a9a7137f756d00a16335c856bd66fd5236fb3d0b181e7c5b79f28e406,Cody,Alvarez,048-009-8651x1296,80,https://paperclip.link/assets/testing/images/profiles/9.jpg,Wisconsin,755 Burnett Trace,Hubertus,53033,43.23612,-88.25565999999999
16,Michelle_16,ental1968@yandex.com,c80f7442a8f44849ea2b5d955fb4b6683fb35e7e400c8de6a291ed9da5c29bd7,Emery,Bryant,001-923-215-4346x18451,70,https://paperclip.link/assets/testing/images/profiles/2.jpg,Ohio,210 Todd Bay,Reesville,45166,39.4766,-83.68776
17,Edgar_17,appraisal1802@live.com,9d98a898186e765b2b4bbdb64263ed317f2f786726bcc92173e582c7f55ef579,Clarence,Vazquez,242.363.1147,39,https://paperclip.link/assets/testing/images/profiles/10.jpg,Texas,729 La Grande Plantation,Ben Bolt,78342,27.659940000000002,-98.07565
18,Jody_18,capuche1979@yandex.com,95e3bad99253a7619d50dce80cdf7fb69e5c150f878c567945bc0ff1f79d3fc8,Timika,Talley,(917)258-8543x113,26,https://paperclip.link/assets/testing/images/profiles/8.jpg,Michigan,910 Quartz Loop,Detroit,48204,42.365790000000004,-83.14289000000001
19,Bradley_19,caffeina2001@yahoo.com,c7553422e8cb89546287d4d489119acd1c1d1040e66343ab411ddcf344a33f6a,Waldo,Aguirre,306-573-5760,61,https://paperclip.link/assets/testing/images/profiles/2.jpg,North Carolina,327 Oceanview Field,Hayesville,28904,35.06241,-83.72758
20,David_20,hysterodynia1871@yandex.com,df587b1b963acb15d61e05af3e49814182066dea4a1fc5fd255ae18ec4637a7d,Felton,Aguirre,(262)538-1239,80,https://paperclip.link/assets/testing/images/profiles/1.jpg,Washington,58 Knockash Lane,Steilacoom,98388,47.1989,-122.66266999999999
21,Brian_21,afterlife2008@live.com,8625d66cf4d48ed397c1d4483bbfe0ae4e80ed83b1c852fa98b1e032b223705c,Margherita,Burris,+1-498-163-6686x163,19,https://paperclip.link/assets/testing/images/profiles/10.jpg,Virginia,837 Henry Place,Woodford,22580,38.10886,-77.44632
22,Gene_22,anionics2022@live.com,518ff0cd528405480ab2d3e797c5f7c47ec33e7c4a2b6d15e728a4490be93d07,Douglas,Woodward,3215681563,78,https://paperclip.link/assets/testing/images/profiles/7.jpg,New York,343 Virginia Private,Richland,13144,43.56995,-75.9744
23,Debra_23,affirmation2043@live.com,5072d1b09cfa9d24da4698a6fed0390a973f9d857926bdd690e0c82a0ef5d4b4,Wilfredo,Cleveland,021-394-8667x67443,56,https://paperclip.link/assets/testing/images/profiles/3.jpg,Oregon,176 Uranus Parade,Echo,97826,45.65448,-119.22662
24,Michele_24,alshain1971@gmail.com,eb26ff1f61fca75d54115fc70d51d2fee7daef26e28ab120f4ed01eeda3b3c37,Erich,Ortiz,263-655-2005,61,https://paperclip.link/assets/testing/images/profiles/10.jpg,Alaska,268 Colleen Parkway,Chevak,99563,61.5291,-165.5908
25,Jose_25,alien2068@yahoo.com,3c950445149bae875f5401bd8fe2685a4a7d7faa054530ac3c7a66f58790cf3e,Maxwell,Baxter,+1-622-734-4838x487,87,https://paperclip.link/assets/testing/images/profiles/2.jpg,New Jersey,395 Elk Promenade,Rocky Hill,8553,40.40015,-74.64054
26,Adrian_26,presecuring1944@gmail.com,9dc943b5ee4af579fe46106488437d88525d1efd4d0cf067129a5489a42797bd,Blake,Vincent,(074)350-3566,66,https://paperclip.link/assets/testing/images/profiles/6.jpg,Alabama,827 Bergen Mall,Hope Hull,36043,32.19944,-86.41766
27,Brandon_27,couple1909@yahoo.com,51fc0a0ac82cdd1579cfe80554607595a6cd90948256943add0be672517b8dfd,Melita,Wilson,942-914-8147x70877,69,https://paperclip.link/assets/testing/images/profiles/1.jpg,Ohio,778 Oak Park Alley,Botkins,45306,40.45819,-84.18727
28,Carolyn_28,holoptic1939@yandex.com,2658beb2c4da223ef7f97b266f1373c0d911aee19f5c244623e9c38d06df2138,Julius,Mckee,001-958-401-4486x94246,24,https://paperclip.link/assets/testing/images/profiles/8.jpg,South Dakota,829 Short Trace,Turton,57477,45.04035,-98.16145
29,Anna_29,sphericotetrahedral1992@live.com,07325051fef8e28c5d7861ad66b9a6141c81eaf39396afae8708b64f9861a103,Travis,Gentry,(774)080-3007,25,https://paperclip.link/assets/testing/images/profiles/10.jpg,Nebraska,1102 Baywood Mews,David City,68632,41.247240000000005,-97.13113
30,Erik_30,ajourise1886@live.com,12b68eec5956674ff0dfba5627945b67597b859d7304e9506937c1da5bbacd03,Terica,Cobb,(464)988-2424,51,https://paperclip.link/assets/testing/images/profiles/4.jpg,Louisiana,4 Carnelian Row,Chauvin,70344,29.31205,-90.64965
31,Randall_31,pony2068@live.com,4883c679f9ebc9b98538a88845267dc564616284467c871c5f0c73260a8f3382,Tiesha,Wall,863-874-2700x21057,46,https://paperclip.link/assets/testing/images/profiles/6.jpg,Hawaii,492 Coleman Sideline,Kahului,96732,20.88125,-156.4612
32,Michele_32,craniospinal1860@outlook.com,b1f37c2cf8b5e326153b2193551cb3e70562881a541f1735dc17e909163c685d,Venice,Herrera,+1-254-699-9730x7288,38,https://paperclip.link/assets/testing/images/profiles/1.jpg,Pennsylvania,384 Jules Plantation,Wampum,16157,40.88882,-80.33558000000001
33,Craig_33,totemists1813@live.com,800182ce8df7ec4f6faecccaf747901d809fd2b4e0573966c08a482d81f3722f,Dane,Clarke,897-238-7188,24,https://paperclip.link/assets/testing/images/profiles/7.jpg,Texas,680 Mason Arcade,Grand Prairie,75054,32.59062,-97.04051
34,Patricia_34,crude1952@gmail.com,cdc0b6d0bf8a73844c15206d3ee8cd7f2821b985cacdb93c47e45afcc685f656,Valentine,O'neil,(694)896-1872,48,https://paperclip.link/assets/testing/images/profiles/6.jpg,Louisiana,190 Crook Road,Loranger,70446,30.62888,-90.34845
35,Beth_35,dissembles1986@outlook.com,630ba896117c11ed68945aaf9f9eb72a8b9bb478b21e3c1e6f93aa2419c19070,Telma,Galloway,+1-659-981-5579x49604,24,https://paperclip.link/assets/testing/images/profiles/1.jpg,Iowa,1065 Halleck Cove,Keosauqua,52565,40.74008,-91.94187
36,Shawn_36,dryermen1819@gmail.com,a5c9fd1466bf305e4afd62297944ca253144441d860aaf9d77d94b6fb70ab1e9,Herb,Watts,(603)991-6807x13633,88,https://paperclip.link/assets/testing/images/profiles/7.jpg,Texas,187 Jackson Line,Iraan,79744,30.92196,-101.97036999999999
37,Jay_37,chaja1898@yandex.com,41ca9ea816a1eb77fcd352073934bfa303949aba2ec688571adae0bb570ac70f,Toshia,Ellis,074-820-1001x567,21,https://paperclip.link/assets/testing/images/profiles/5.jpg,North Dakota,637 Merrill Place,Cavalier,58220,48.79351,-97.71428
38,Jennifer_38,vaultier1938@outlook.com,98cc7392cadd5a21f55548caa315fe283ac9f0e35439c7e55c1ccccc123f7786,Aliza,Weiss,+1-524-060-7238x689,81,https://paperclip.link/assets/testing/images/profiles/9.jpg,Michigan,135 Saint Marys Concession road,Eastlake,49626,44.23782,-86.29328000000001
39,Kathryn_39,strongboxes1918@outlook.com,ca02a1a0c3bd8e8d108a296b98e49629494d470b910acaf9b9cc60effd4719bb,Bradley,Madden,782-815-3957x6614,79,https://paperclip.link/assets/testing/images/profiles/5.jpg,Pennsylvania,937 Santa Barbara Trail,Zullinger,17272,39.769459999999995,-77.62188
40,Jonathan_40,bombings1845@live.com,acd6d0c94a5b177b39e34da4accbd511bfb2961e612ec8cc746174d7cb28d1a5,Michael,Greer,526.613.6877x65024,53,https://paperclip.link/assets/testing/images/profiles/10.jpg,Wisconsin,637 Water Turnpike,Grantsburg,54840,45.75627,-92.68903
41,Sonya_41,jyngine2054@gmail.com,e95c014e035cfe08903ff72534dbd121bc9a55195200679f36444d00f325bbe4,Noel,Fleming,+1-556-766-3093x757,30,https://paperclip.link/assets/testing/images/profiles/4.jpg,Virginia,690 Virginia Concession road,The Plains,20198,38.880340000000004,-77.75759000000001
42,Victoria_42,affeeror1932@live.com,43ff6f2b24f4b272ce91ed1f7d2506a6283b01f6dd3c050dd7b9529b17970f7c,Karry,Young,157-111-4920,61,https://paperclip.link/assets/testing/images/profiles/4.jpg,Maine,204 Kramer Parade,Seal Cove,4674,44.29472,-68.4107
43,Laura_43,therblig1894@gmail.com,928c1203eeed0a0becc313046367810e300cdf7a4069b700496ac6aac71c3bce,Tama,Patterson,405.792.7041x0787,55,https://paperclip.link/assets/testing/images/profiles/8.jpg,Texas,130 Hernandez Crescent,De Leon,76444,32.114709999999995,-98.56571
44,John_44,clamorous1998@yahoo.com,93d24c64c79a276145d17cba6843cb5162a5d3e3dac9a53a91ccf06299ba28e9,Bruno,Marks,(335)138-8529x6624,79,https://paperclip.link/assets/testing/images/profiles/3.jpg,North Dakota,591 Ohlone Freeway,Harwood,58042,46.97095,-96.95486
45,Julie_45,tonsured1915@outlook.com,89a0b556cb0b13eb1624df64a021be6f8f1a4f68589f0ccc03f73eb49a0dbd56,Jefferey,Fuller,0908478219,44,https://paperclip.link/assets/testing/images/profiles/3.jpg,Alabama,1278 Grand View Plantation,Bessemer,35023,33.468140000000005,-87.09264
46,Madeline_46,complainers1860@yandex.com,d0dfd91060ff0a661e5ce22b86da36617ed410c2d1a5a93bee29c9f52db33f45,Rory,Padilla,466.712.8010x5894,51,https://paperclip.link/assets/testing/images/profiles/6.jpg,West Virginia,513 Wattson Parade,Midway,25878,37.71836,-81.23142
47,Derrick_47,vivers1874@yahoo.com,556984bf9a8af276c97a6498b84e329192f3a6522331774b595cbcbc529383d3,Lamont,Burks,170-583-1022x1331,29,https://paperclip.link/assets/testing/images/profiles/9.jpg,Oregon,231 Juri Glen,Coquille,97423,43.19488,-124.17291000000002
48,Ashley_48,couple2041@yandex.com,730eaad2f0dd649e8c141b34465349dc87068e339bc26bc2dc494f6651bfb3e9,Harland,Hatfield,3606948344,81,https://paperclip.link/assets/testing/images/profiles/1.jpg,Michigan,424 Exposition Line,Detroit,48216,42.32656,-83.07876999999999
49,Sherry_49,cardamom1912@yahoo.com,ecd9f2c2e8aef2c623424f810b9cdc7a6eaba050dfa92f72eb6b79cb123811ef,Marvin,Weber,+1-584-917-9576,82,https://paperclip.link/assets/testing/images/profiles/5.jpg,New Mexico,855 Aladdin Promenade,Mimbres,88049,33.05048,-107.96276999999999
50,Michael_50,lengthen1810@outlook.com,a580861de7aeb7b3ea8a0cddc6c730f2f21b3f92de20f8c61da11e19fab3b815,Stevie,Long,001-267-833-8473x5406,63,https://paperclip.link/assets/testing/images/profiles/4.jpg,Vermont,1322 Lansing Plaza,East Wallingford,5742,43.436370000000004,-72.90138
51,Andrew_51,archimedes1989@outlook.com,16d15cdb1d01afae11e9516c97ee888d50a53d8b8ec18041531fc3634a8a49ef,Lucien,Roy,001-741-690-3668x532,51,https://paperclip.link/assets/testing/images/profiles/5.jpg,Pennsylvania,727 Wattson Street,Montandon,17850,40.9658,-76.8575
52,Theresa_52,gobbet2052@gmail.com,044efe053741059e10a776f36159b7cc082552c69ba0563268c9ef49d2f0b597,Rolland,Zimmerman,490.315.4737x59960,89,https://paperclip.link/assets/testing/images/profiles/2.jpg,Alabama,1171 Dr Tom Waddell Street,Trafford,35172,33.84469,-86.6974
53,Cynthia_53,flachery1805@yandex.com,4cce05c68410e641383f6618daf9461310af31fb9cbc0581c8e6e976f840e3df,Eldridge,Madden,001-633-217-8484x68121,89,https://paperclip.link/assets/testing/images/profiles/3.jpg,Maryland,251 Meadowbrook Side road,Morganza,20660,38.37018,-76.70674
54,Sarah_54,bigwig2066@outlook.com,c871978d9831a21ba6bb9ceb09d47619caec6027a8e402569490ea498da212f3,Jarrett,Griffith,+1-102-863-8245x75335,46,https://paperclip.link/assets/testing/images/profiles/7.jpg,New York,923 Peabody Lane,Hobart,13788,42.351009999999995,-74.65812
55,Rebecca_55,unmet2029@yandex.com,f1984f2a00c0188df1cc4aa8eff491807724da84158391938d0d0a250e75fed9,Samara,Mccall,471.516.8211x0647,41,https://paperclip.link/assets/testing/images/profiles/4.jpg,Illinois,81 Oak Access Esplanade,Joliet,60435,41.54542,-88.12991
56,Christine_56,bilio1921@yandex.com,e532f4b430c6d7523000863bcea584721bf7cf79ce021c6469f21bed2e76b599,Devon,Cox,(183)139-3668,46,https://paperclip.link/assets/testing/images/profiles/1.jpg,South Carolina,742 Whitney Mall,Pinewood,29125,33.69829,-80.46722
57,Kenneth_57,acanth1898@gmail.com,3ce5920d763efe9a5baf38f2b8c89161359fa74a2e91f105979738316bfeb26e,Nancey,Gonzales,723.344.5366x96509,45,https://paperclip.link/assets/testing/images/profiles/4.jpg,Alabama,900 Munich Expressway,Birmingham,35214,33.576879999999996,-86.89186
58,Allison_58,cushily1870@yandex.com,80206cb18461c48c3245c344950ec91c0a46ed7496789867982cb6d9559bae03,Al,Chapman,+1-153-230-8371x1353,77,https://paperclip.link/assets/testing/images/profiles/3.jpg,Texas,398 Merced Drive,Alpine,79830,29.800079999999998,-103.22466
59,Erica_59,myriophyllite1916@live.com,b792ab2ff36f65636ecbefe774358055760dbb65822e01bf4f2e373b3f37ff69,Ethelene,Langley,013.664.9950,83,https://paperclip.link/assets/testing/images/profiles/8.jpg,New Jersey,62 Verna Green,Belle Mead,8502,40.44827,-74.65564
60,Shane_60,contg1902@outlook.com,210d8f0da87aee65dfbbdb5e4e7ba7ff9aa6eede9f65423ad6a3599403b14c3e,Larisa,Douglas,+1-370-969-8321,57,https://paperclip.link/assets/testing/images/profiles/9.jpg,Texas,391 Randall Loop,Llano,78643,30.69023,-98.69483000000001
61,Vicki_61,beleaguering1988@yandex.com,82764dfd243b0b28b1f9130971bf22fb6cbf92a7859549857bc0d010bf5c1252,Kourtney,Wilson,349.227.0871,46,https://paperclip.link/assets/testing/images/profiles/5.jpg,Idaho,1378 Crestlake Side road,Osburn,83849,47.51662,-116.00053
62,Brooke_62,henna1851@live.com,74b7d9f0984bcbfa722c2a2ca040ab85d7a206dbc0c895c7d7b65af22e780323,Jospeh,Joyce,(271)386-5855x84519,57,https://paperclip.link/assets/testing/images/profiles/2.jpg,New Mexico,965 Silverview Gate,Capulin,88414,36.778529999999996,-103.99843
63,Luke_63,confucius1800@outlook.com,cc24c13008ad22ac5f1740ac554da7d70a284f64051f23f20917454dfc52650c,Cristen,Gregory,001-621-591-1101x924,36,https://paperclip.link/assets/testing/images/profiles/5.jpg,Oklahoma,473 Woodland Esplanade,Red Oak,74563,34.97379,-95.06676999999999
64,Robert_64,dingar1975@outlook.com,cff8e6db0a5c106e095533e0d5c11d57c4e883edcedb9e2071d761320cfbd53b,Roger,Rivas,554-650-9404,28,https://paperclip.link/assets/testing/images/profiles/6.jpg,New York,898 Cambon Drung,New York,10177,40.754979999999996,-73.97589
65,Michael_65,banat1847@yahoo.com,019d4c1a706f4cb4badf5b1dd5ec28356c84013dcb7a9b7f707796cbce8b4320,Hubert,Conner,001-813-401-3845x40495,63,https://paperclip.link/assets/testing/images/profiles/4.jpg,New York,924 Wanda Heights,Ravena,12143,42.48578,-73.85203
66,Steven_66,kurikata1942@yahoo.com,a38f81146d4d9780b954bb67fcb9799f481955ef6957119edabdccf7d4dc3d9b,Gerald,Shepard,(511)162-8627x42731,84,https://paperclip.link/assets/testing/images/profiles/5.jpg,Michigan,1364 Fifth Terrace,Hesperia,49421,43.60245,-86.06114000000001
67,Lisa_67,corium2031@yahoo.com,6c3c0644cea5e19ca09da5b9123078027b64f8b92c6270f18037b259c3206e6a,Roderick,Estes,+1-946-074-9020x202,62,https://paperclip.link/assets/testing/images/profiles/3.jpg,California,1133 Cesar Chavez On Parade,Torrance,90506,33.88491,-118.33033
68,Jessica_68,biplab1959@outlook.com,4ef2321ec3b2409d9137fbeadb5fa5c0733411b430e4572df0525733d02e7a62,Cesar,Berg,+1-813-852-4605,33,https://paperclip.link/assets/testing/images/profiles/6.jpg,Texas,602 Linda Grove,Houston,77066,29.95663,-95.50204000000001
69,Lindsey_69,elegances2069@outlook.com,76a4acb1482d3a1d67ac7dfbc7fc3f1e97617c49c8c2dc7061a700fd31f35108,Cole,Vinson,782.832.9124x6108,55,https://paperclip.link/assets/testing/images/profiles/9.jpg,New Jersey,1241 Mint Trail,Saddle River,7458,41.04586,-74.09709000000001
70,George_70,immolator1946@yandex.com,67749c43cc79bc057f7642e6f4e7c459c71a6690d1db6410ef380a6482a32d9a,Magaret,Sheppard,241-122-4137,42,https://paperclip.link/assets/testing/images/profiles/1.jpg,Oklahoma,813 Rock Glen,Forgan,73938,36.93497,-100.58306
71,Heather_71,floral1979@yandex.com,96e3ff057def5127b8ecb046629863ee7af3fa1b29170268a6057786a319ac8e,Franklin,Lowe,5171697104,37,https://paperclip.link/assets/testing/images/profiles/9.jpg,Tennessee,817 Precita Route,Rossville,38066,35.07481,-89.5323
72,Hannah_72,biedermeier1815@outlook.com,78bb25b6e2ab7702005041bb97ebc26e61bb9cbb5db51363c43c07668d65ccbe,Tandra,Sherman,001-412-664-0280,58,https://paperclip.link/assets/testing/images/profiles/10.jpg,Nebraska,808 Crestlake Townline,Lewellen,69147,41.50657,-102.10098
73,Alexis_73,lemonweed1838@yandex.com,a697416b94aa1d702ba51c5ec1bd4be240db95415aa22e5220e72ce878e866af,Floretta,Shaffer,001-667-345-5037x48533,24,https://paperclip.link/assets/testing/images/profiles/9.jpg,Iowa,895 Jack Kerouac Street,Cedar,52543,41.200759999999995,-92.51993
74,Donald_74,bencher1972@yahoo.com,fb208834a175c157d08083902b04f38945c09fc8102df2869b511dd4be1de693,Octavio,Manning,626-874-7373x7344,20,https://paperclip.link/assets/testing/images/profiles/8.jpg,Texas,55 Northern Line,Whitewright,75491,33.49638,-96.39751
75,Daniel_75,creak1889@yahoo.com,25371344faed851c2d679bf8363add185592e0a6360d8fbe2b01dec7c94bf8b8,Jon,Kelly,+1-865-217-4054,25,https://paperclip.link/assets/testing/images/profiles/2.jpg,New York,387 Euclid Wynd,Guilderland Center,12085,42.70335,-73.96333
76,Kimberly_76,stubbles2038@yahoo.com,8f2c147b59d8ac3276beb31ac8e261bbfd99671717ac5158ca2faf6953136d07,Dawne,Lang,(759)634-8934x179,82,https://paperclip.link/assets/testing/images/profiles/10.jpg,Montana,980 Allen Drive,Hingham,59528,48.56857,-110.40091000000001
77,Krystal_77,trapezial1942@live.com,d2b07f49fffeff33daa2d71a40e9dabc9733aa8c5cfde40e64d9a9ac56f37cb9,Wilfred,Pacheco,(429)331-1735,56,https://paperclip.link/assets/testing/images/profiles/9.jpg,North Carolina,1109 Geneva Point,Todd,28684,36.33838,-81.61459
78,Matthew_78,palindrome1826@outlook.com,8912f121eb923d336a94f1df8ec60730cac5c1e27951d7c684945cfbbdc7c18a,Rueben,Martin,+1-099-556-7650x91182,32,https://paperclip.link/assets/testing/images/profiles/4.jpg,Alabama,655 Jarboe Drung,Birmingham,35217,33.60815,-86.76034
79,Charles_79,micromastictora2031@live.com,3fcb2fc3871a42b449885e2cf91d9436a53b015f166748b479525e71065f5d15,Michael,Luna,8304380477,25,https://paperclip.link/assets/testing/images/profiles/5.jpg,Nebraska,1278 Upper Square,Walthill,68067,42.15294,-96.48391
80,Adam_80,peller1882@yandex.com,9609888419a715c56181ac03544c76dc99f94b335086650722e998f41696c4ea,Angle,Espinoza,529.756.2802x2987,65,https://paperclip.link/assets/testing/images/profiles/3.jpg,Oklahoma,813 Croaker Mall,Foss,73647,35.42781,-99.15909
81,Ryan_81,agnosia2018@outlook.com,80b877d06b77e3e5fe596dc22dae5c68541f1200c7fd974d0d764a71fc6f94d1,Kenton,Arnold,001-046-642-0273x635,78,https://paperclip.link/assets/testing/images/profiles/4.jpg,Washington,629 Lily Highway,Walla Walla,99362,46.08931,-118.30735
82,Maria_82,unappeasedness1982@gmail.com,e404b34de90cfd0db72128354e9e7e845d173c974581069f935c2bdf5ed71086,Alonzo,Sampson,676-497-1938x39832,59,https://paperclip.link/assets/testing/images/profiles/10.jpg,Texas,1225 Commer Bypass,Austin,78756,30.32227,-97.74016999999999
83,Susan_83,exegesis2010@gmail.com,43fc8168ca3d659d4af216eeada4bb833fe79ceca4ad63b3ceaa4aaaab69ed41,Alyse,Cole,001-227-035-4955x76664,60,https://paperclip.link/assets/testing/images/profiles/2.jpg,Iowa,1146 Cortland Arcade,Dubuque,52002,42.52478,-90.77322
84,Christopher_84,analytic1860@yandex.com,1c139cb0c00984f8283e474c48eb52b32a7c58a9bcc41bdf0707f2b3a08e993b,Jacqulyn,Morales,159.582.4471,27,https://paperclip.link/assets/testing/images/profiles/10.jpg,Virginia,7 Borica Place,Churchville,24421,38.261959999999995,-79.20082
85,Matthew_85,enhancer1991@outlook.com,b5c370a8d23755f5cc4114e8a0f42d6f2aabe61d8707684bcd488d3c49cd0177,Dale,Fitzgerald,(361)615-5086x327,27,https://paperclip.link/assets/testing/images/profiles/6.jpg,Arkansas,928 Chain Of Lakes Plantation,Norfork,72658,36.16636,-92.32052
86,Anna_86,consonance1870@gmail.com,ab344b4c1ab50a194760d6adaedc67978ecf72b86f04682229be5117e29cd10f,Quinn,Britt,001-399-498-8811x20729,41,https://paperclip.link/assets/testing/images/profiles/1.jpg,California,159 Overlook Drung,Piercy,95587,39.96325,-123.77573999999998
87,Bobby_87,rushland1831@outlook.com,fd417584f63d1f18fb67ca476f7f8d4aee3db90a654980e78701f178827f79e4,Meri,Merrill,546.206.8967x579,22,https://paperclip.link/assets/testing/images/profiles/1.jpg,Illinois,1070 Augusta Crescent,Joy,61260,41.24626,-90.88299
88,Mandy_88,ambiguous1904@outlook.com,46d5b531006b6ca7c1d326f7e62f8231a813bab8b1bba7486d34754ffb1bb628,Delta,Garrett,+1-628-633-0276,24,https://paperclip.link/assets/testing/images/profiles/6.jpg,Illinois,1066 Indiana Stravenue,Bloomington,61704,40.470490000000005,-88.94334
89,Lori_89,scorer2058@yandex.com,20c830c2f1e8d3c6a5ac56871f435f4b39c8a8e6daa47926d2fd80dfecf13c77,Leo,Cummings,707.746.1955x91748,73,https://paperclip.link/assets/testing/images/profiles/3.jpg,New Jersey,1110 Battery East Boulevard,Basking Ridge,7920,40.6784,-74.56296
90,Jamie_90,fenbank1962@yahoo.com,15be89459a65a068e63c101ac1a9d72062486fc18b7e48c7ae61faecde5ffd1a,Roberto,Kerr,001-284-115-3713x80654,46,https://paperclip.link/assets/testing/images/profiles/2.jpg,New York,994 Elmhurst Circle,East Bethany,14054,42.9152,-78.12748
91,Ashley_91,pregustic1985@outlook.com,ab67e37401837e841ab747509203c75a3d118fc2117bd2a25effcf10e4a2fb35,Angelo,Stephens,108-010-9930,34,https://paperclip.link/assets/testing/images/profiles/1.jpg,Florida,65 Lopez Parade,Paisley,32767,29.02,-81.50654
92,James_92,cabalist2028@gmail.com,50ad1a007fde02ee7785e67ed45ea8250cdc38cca76701c52fa5cccd054adc0c,Vern,Hawkins,+1-469-668-1715,73,https://paperclip.link/assets/testing/images/profiles/4.jpg,California,534 Jade Garden,Mather,95655,38.54958,-121.27931000000001
93,Benjamin_93,uprooter1981@yandex.com,2d216c0c6668d6c999d7a06750e298b4bc77ede1e1bfa582532f781284338e43,Nigel,Tyson,5342002709,58,https://paperclip.link/assets/testing/images/profiles/7.jpg,Texas,1259 Sharp Wynd,Hooks,75561,33.513329999999996,-94.27783000000001
94,Jeffery_94,gregariousness1980@outlook.com,d1bac382b23d93335b6f3b21eb3269a5bbd0023aadf08cbac0f0e0bae18df7a0,Lucien,Langley,255-202-0944x626,28,https://paperclip.link/assets/testing/images/profiles/9.jpg,Minnesota,1084 Stoneyford Townline,Cloquet,55720,46.7546,-92.54077
95,Melissa_95,arctalian2035@yahoo.com,a9b00e099b61c579e0987ebb0183fb98d6254d512b313beccef172e7e538fc4a,Sandy,Becker,1858500538,50,https://paperclip.link/assets/testing/images/profiles/4.jpg,Ohio,633 Lyndhurst Mews,Jefferson,44047,41.71893,-80.73888000000001
96,Dennis_96,achromic1875@yandex.com,64e9ba6f419a7ab8307d78c5b587caeb6c5754a3a08fed1595ca9333e5aa3334,Wilfredo,Lamb,433-833-1832x26230,22,https://paperclip.link/assets/testing/images/profiles/5.jpg,New York,1191 Emerald Cove Drive,Minerva,12851,43.85588,-74.04172
97,Rachel_97,ambar1805@live.com,575e989d9ec23bf8ecbd060a9d457365a33aec95999301028560be53a3789bb0,Carl,Harper,533-560-8196x3553,29,https://paperclip.link/assets/testing/images/profiles/6.jpg,Georgia,339 Rainey Plantation,Statesboro,30460,32.41897,-81.78152
98,Lindsay_98,rille2027@outlook.com,59c83f48dec4e335c3bf954c5923ca4dca14b57d6fc6d17341cd7728a53a6a5b,Klara,Morrison,948.384.3635x139,38,https://paperclip.link/assets/testing/images/profiles/4.jpg,Ohio,1103 Addison Parade,New Bavaria,43548,41.185340000000004,-84.17511
99,Jason_99,demibrassart2054@outlook.com,975c13ee313b5e15dac27fe6877077df2dcf99a0f6a095109b6aaee888e479c5,Elliott,Bass,072.981.2921x2794,42,https://paperclip.link/assets/testing/images/profiles/4.jpg,Alabama,386 Avocet Drive,Citronelle,36522,31.09177,-88.27136
